kind,code,banner_label,courses_affected,used_as_include,used_as_exclude,example_courses,already_mapped_to,OUR_MAJOR_CODE
"Colleges","15","Computing and Informatics","26","26","0","0202207 0301327 0301429","",""
"Colleges","01","Shari'a & Islamic Studies","20","19","1","0103103 0103206 0103221","",""
"Colleges","03","Business Administration","15","13","2","0301327 0301429 0302150","",""
"Majors","CMEN","Computer Engineering","29","29","0","0402202 0402203 0402240","CPE",""
"Majors","MATH","Mathematics","26","26","0","1440132 1440211 1440231","",""
"Majors","ACCT","Accounting","13","13","0","0301120 0301211 0301425","",""
"Majors","BADM","Business Administration","13","13","0","0301120 0301211 0301425","",""
"Majors","BUIS","Business Information Systems","13","13","0","0301120 0301211 0301425","",""
"Majors","MISM","Management Information Systems","13","13","0","0301120 0301211 0301425","",""
"Majors","SK02","Business Administration","11","11","0","0301120 0301211 0302160","",""
"Majors","GBUS","Common Business Program","10","10","0","0301120 0301211 0301425","",""
"Majors","JURI","Jurisprudence & its Foundation","10","10","0","0103211 0103225 0103312","",""
"Majors","MROB","Mechatro.& Robotic Engineering","6","6","0","0402207 0402434 0402436","",""
"Majors","COMS","Computer Science","5","4","1","0202207 1430117 1440132","",""
"Majors","SHLW","Sharia & Law","5","5","0","0103211 0103312 0103413","",""
"Majors","BIOM","Biomedical Informatics","4","4","0","1440211 1440281 1450102","",""
"Majors","CYBS","Cybersecurity Engineering","4","4","0","0402340 1430117 1440161","",""
"Majors","ITME","Information Tech. - Multimedia","2","1","1","0202207 0302170","",""
"Majors","CP04","Jurisprud. of Islam. Fin. Tran","1","1","0","0103225","",""
"Majors","HIST","History & Islamic Civilization","1","1","0","0202111","",""
"Programs","BSC-ITMN","Information Tech. -Multimedia","63","47","16","0202227 0301327 0301429","ITM",""
"Programs","BSC-COMPN","Computer Science","60","44","16","0202227 0301327 0301429","CS",""
"Programs","BSC-COMPG","Computer Engineering","50","35","15","0301327 0301429 0302350","CPE",""
"Programs","BSC-BIOMI","Biomedical Informatics","44","44","0","0900307 0900324 0900409","BI",""
"Programs","BSC-COMPSCI","Computer Science","44","42","2","0202227 0900101 1440131","CS",""
"Programs","BSC-COM-ENG","Computer Engineering","35","33","2","0402250 0402415 0900101","CPE",""
"Programs","BSC-MROB","Mech.& Robotic Engineering","35","34","1","0402210 0402211 0402349","",""
"Programs","BSC-ITM","Information Tech. -Multimedia","31","29","2","0202227 0900101 1440131","ITM",""
"Programs","BSC-BIS","Business Info Systems","26","12","14","0302150 0308150 0401301","",""
"Programs","BSC-CYBSE","Cybersecurity Engineering","26","24","2","0900101 1420101 1501116","",""
"Programs","B-SHR-JURS","Shari'a - Juris. & its Found.","23","20","3","0103105 0103222 0103223","",""
"Programs","B-SHR-RELG","Shari'a - Found. of Religion","21","18","3","0103105 0103222 0103223","",""
"Programs","BSC-BIS-ACC","Business Info Systems","20","20","0","0301310 0301321 0301322","",""
"Programs","G-MIS-FIN","Management Information Systems","20","20","0","0301310 0308331 0308332","",""
"Programs","BSC-BIS-FIN","Business Info Systems","19","19","0","0308331 0308332 0308361","",""
"Programs","G-MIS-ACC","Management Information Systems","18","18","0","0301310 0301321 0301322","",""
"Programs","G-ACC-BIS","Accounting","16","16","0","0301310 0301321 0301322","",""
"Programs","B-SHR-LAW","Shari'a & Law","15","13","2","0103105 0103223 0103322","",""
"Programs","BSC-MATH","Mathematics","15","13","2","0900101 1440131 1440235","",""
"Programs","G-ACC-FIN","Accounting","15","15","0","0301310 0301321 0301322","",""
"Programs","B-MIS-ACC","Management Information Systems","14","14","0","0301310 0301321 0301322","",""
"Programs","G-ACC-MIS","Accounting","14","14","0","0301310 0301321 0301322","",""
"Programs","BSC-BIS-HRM","Business Info Systems","12","12","0","1501366 1501441 1503231","",""
"Programs","BSC-BIS-MGT","Business Info Systems","12","12","0","1501366 1501441 1503231","",""
"Programs","BSC-BIS-MRK","Business Info Systems","12","12","0","1501366 1501441 1503231","",""
"Programs","BSC-BIS-PSM","Business Info Systems","12","12","0","1501366 1501441 1503231","",""
"Programs","BSC-BIS-SCM","Business Info Systems","12","12","0","1501366 1501441 1503231","",""
"Programs","G-MIS-ECO","Management Information Systems","12","12","0","1501366 1501441 1503231","",""
"Programs","G-MIS-MGT","Management Information Systems","12","12","0","1501366 1501441 1503231","",""
"Programs","G-MIS-MRK","Management Information Systems","12","12","0","1501366 1501441 1503231","",""
"Programs","G-MIS-PUB","Management Information Systems","12","12","0","1501366 1501441 1503231","",""
"Programs","G-MIS-UND","Management Information Systems","12","12","0","1501366 1501441 1503231","",""
"Programs","B-MIS-TRK1","Management Information Systems","11","11","0","0301310 0301321 0301322","",""
"Programs","B-ACC-MIS","Accounting","10","10","0","0301310 0301321 0301322","",""
"Programs","BSC-BIS-ECO","Business Info Systems","10","10","0","1503231 1503330 1503332","",""
"Programs","B-MIS-FIN","Management Information Systems","9","9","0","1501366 1501441 1503330","",""
"Programs","B-MIS-MGT","Management Information Systems","9","9","0","1501366 1501441 1503330","",""
"Programs","B-MIS-MRK","Management Information Systems","9","9","0","1501366 1501441 1503330","",""
"Programs","B-MIS-PUB","Management Information Systems","9","9","0","1501366 1501441 1503330","",""
"Programs","B-MIS-UNDECL","Management Information Systems","9","9","0","1501366 1501441 1503330","",""
"Programs","G-ACC-SCM","Accounting","9","9","0","0301310 0301321 0301322","",""
"Programs","B-ACC-SUP","Accounting","8","8","0","0301310 0301321 0301322","",""
"Programs","B-MIS-TRK2","Management Information Systems","8","8","0","1501366 1503330 1503332","",""
"Programs","B-MIS-TRK3","Management Information Systems","8","8","0","1501366 1503330 1503332","",""
"Programs","G-ACC-ECO","Accounting","8","8","0","0301310 0301321 0301322","",""
"Programs","G-ACC-HRM","Accounting","8","8","0","0301310 0301321 0301322","",""
"Programs","G-ACC-MGT","Accounting","8","8","0","0301310 0301321 0301322","",""
"Programs","G-ACC-MRK","Accounting","8","8","0","0301310 0301321 0301322","",""
"Programs","G-ACC-PSM","Accounting","8","8","0","0301310 0301321 0301322","",""
"Programs","G-ACC-PUB","Accounting","8","8","0","0301310 0301321 0301322","",""
"Programs","G-ACC-UND","Accounting","8","8","0","0301310 0301321 0301322","",""
"Programs","G-BU-HRM-ACC","Business Administration","8","8","0","0301310 0301321 0301322","",""
"Programs","G-BU-HRM-BIS","Business Administration","8","8","0","1503231 1503330 1503332","",""
"Programs","G-BU-MGT-ACC","Business Administration","8","8","0","0301310 0301321 0301322","",""
"Programs","G-BU-MGT-BIS","Business Administration","8","8","0","1503231 1503330 1503332","",""
"Programs","G-BU-MGT-FIN","Business Administration","8","8","0","0301310 0308331 0308332","",""
"Programs","G-BU-MRK-ACC","Business Administration","8","8","0","0301310 0301321 0301322","",""
"Programs","G-BU-MRK-BIS","Business Administration","8","8","0","1503231 1503330 1503332","",""
"Programs","G-BU-MRK-FIN","Business Administration","8","8","0","0301310 0308331 0308332","",""
"Programs","G-BU-PSM-ACC","Business Administration","8","8","0","0301310 0301321 0301322","",""
"Programs","G-BU-PSM-BIS","Business Administration","8","8","0","1503231 1503330 1503332","",""
"Programs","N-BU-MGT-ACC","Business Administration","8","8","0","0301310 0301321 0301322","",""
"Programs","N-BU-MGT-BIS","Business Administration","8","8","0","1503231 1503330 1503332","",""
"Programs","N-BU-MRK-ACC","Business Administration","8","8","0","0301310 0301321 0301322","",""
"Programs","N-BU-MRK-BIS","Business Administration","8","8","0","1503231 1503330 1503332","",""
"Programs","B-ACC-FIN","Accounting","7","7","0","0301310 0301321 0301322","",""
"Programs","B-ACC-MGT","Accounting","7","7","0","0301310 0301321 0301322","",""
"Programs","B-ACC-MRK","Accounting","7","7","0","0301310 0301321 0301322","",""
"Programs","B-ACC-PUB","Accounting","7","7","0","0301310 0301321 0301322","",""
"Programs","G-BU-HRM-FIN","Business Administration","7","7","0","0308331 0308332 0308361","",""
"Programs","G-BU-PSM-FIN","Business Administration","7","7","0","0308331 0308332 0308361","",""
"Programs","N-BU-MGT-FIN","Business Administration","7","7","0","0308331 0308332 0308361","",""
"Programs","N-BU-MRK-FIN","Business Administration","7","7","0","0308331 0308332 0308361","",""
"Programs","B-HIST-ICIV","History & Islamic Civilization","6","3","3","0202111 0202112 1501100","",""
"Programs","G-BU-MGT-MIS","Business Administration","6","6","0","1503231 1503330 1503333","",""
"Programs","G-BU-MRK-MIS","Business Administration","6","6","0","1503231 1503330 1503333","",""
"Programs","B-BU-FIN-ACC","Business Administration","5","5","0","0301310 0301321 0301322","",""
"Programs","B-BU-MGT-ACC","Business Administration","5","5","0","0301310 0301321 0301322","",""
"Programs","B-BU-MRK-ACC","Business Administration","5","5","0","0301310 0301321 0301322","",""
"Programs","B-BU-FIN-MIS","Business Administration","3","3","0","1503330 1503334 1503431","",""
"Programs","B-BU-MGT-MIS","Business Administration","3","3","0","1503330 1503334 1503431","",""
"Programs","B-BU-MRK-MIS","Business Administration","3","3","0","1503330 1503334 1503431","",""
"Programs","B-MIS-MIS","Management Information Systems","2","2","0","1501366 1501441","",""
"Programs","C1-JUP-ISLMF","Jurisprudence of Islamic Finan","2","2","0","0103222 0103323","",""
"Programs","B-BU-FIN-SUP","Business Administration","1","1","0","0301310","",""
"Programs","B-BU-MGT-FIN","Business Administration","1","1","0","0308332","",""
"Programs","B-BU-MGT-SUP","Business Administration","1","1","0","0301310","",""
"Programs","B-BU-MRK-FIN","Business Administration","1","1","0","0308332","",""
"Programs","B-BU-MRK-SUP","Business Administration","1","1","0","0301310","",""
"Programs","G-BU-HRM-SCM","Business Administration","1","1","0","1503441","",""
"Programs","G-BU-MGT-SCM","Business Administration","1","1","0","1503441","",""
"Programs","G-BU-MRK-SCM","Business Administration","1","1","0","1503441","",""
"Programs","G-BU-PSM-SCM","Business Administration","1","1","0","1503441","",""
"Programs","N-BU-MGT-SCM","Business Administration","1","1","0","1503441","",""
"Programs","N-BU-MRK-SCM","Business Administration","1","1","0","1503441","",""